<?xml version="1.0" encoding="UTF-8" ?>
<!DOCTYPE mapper
        PUBLIC "-//mybatis.org//DTD Mapper 3.0//EN"
        "http://mybatis.org/dtd/mybatis-3-mapper.dtd">
<mapper namespace="org.qianmo.farm.mapper.FarmMapper">

    <select id="getFarmByPage" resultType="org.qianmo.farm.model.Farm">
        SELECT *
        FROM farm
        LIMIT #{startIndex}, #{pageSize}
    </select>
    <select id="getFarmCount" resultType="java.lang.Integer">
        SELECT COUNT(*)
        FROM farm
    </select>
    <select id="getFarmById" resultType="org.qianmo.farm.model.Farm">
        SELECT * FROM farm
        WHERE farm_id = #{farm_id}
    </select>
    <select id="getIdByName" resultType="java.lang.Integer">
        SELECT farm_id
        FROM farm
        WHERE name = #{farmName}
        LIMIT 1
    </select>
    <insert id="addFarm">
        INSERT INTO farm (name,location)
        VALUES (#{name}, #{location})
    </insert>
    <update id="updateFarm">
        UPDATE farm
        <set>
            <if test="name != null">
                name = #{name},
            </if>
            <if test="location != null">
                location = #{location},
            </if>
        </set>
        WHERE farm_id = #{farmId}
    </update>
</mapper>
