<?xml version="1.0" encoding="UTF-8" ?>
<!DOCTYPE mapper
        PUBLIC "-//mybatis.org//DTD Mapper 3.0//EN"
        "http://mybatis.org/dtd/mybatis-3-mapper.dtd">
<mapper namespace="org.qianmo.field.mapper.CropMapper">

    <select id="getFieldIdByCurrentCrop" resultType="java.lang.Integer">
        SELECT p.field_id
        FROM crop c, planting p
        WHERE p.end_date = null AND c.crop_id = p.crop_id
        AND c.name = #{cropName}
        AND p.field_id IN
        <foreach collection="fieldIds" item="fieldId" separator="," open="(" close=")">
            #{fieldId}
        </foreach>
    </select>
    <select id="getAppropriateCrop" resultType="org.qianmo.field.model.Crop">
        SELECT crop.crop_id, crop.name, crop.crop_type, crop.soil_type, crop.high_ph, crop.low_ph
        FROM crop
        JOIN field
        ON crop.soil_type = field.soil_type
        WHERE crop.soil_type = field.soil_type
        AND field.ph_level BETWEEN crop.low_ph AND crop.high_ph
        AND field.field_id = #{fieldId}
    </select>
    <select id="getCropByFieldId" resultType="org.qianmo.field.model.Crop">
        SELECT crop.crop_id, crop.name, crop.crop_type, crop.soil_type, crop.high_ph, crop.low_ph
        FROM crop
        JOIN field
        ON crop.soil_type = field.soil_type
        WHERE field.field_id = #{fieldId}
    </select>
    <select id="getHistoryCropByFieldId" resultType="org.qianmo.field.dto.HistoryCropDTO">
        SELECT crop.name AS name,
            crop.crop_type AS crop_type,
            planting.start_date AS start_date,
            planting.end_date AS end_date,
            employee.name AS employee_name
        FROM
            crop
        JOIN planting ON planting.crop_id = crop.crop_id
        JOIN employee ON employee.employee_id = planting.employee_id
        WHERE
            planting.field_id = #{fieldId}
        AND planting.end_date IS NOT NULL
    </select>
    <select id="getIdsByNameAndCropType" resultType="java.lang.Integer">
        SELECT crop_id
        FROM crop
        WHERE
            1=1
            <if test="name != null and name != ''">
                AND name = #{name}
            </if>
            <if test="cropType != null and cropType != ''">
                AND crop_type = #{cropType}
            </if>
    </select>
    <select id="getCropByPlantingId" resultType="org.qianmo.field.dto.CropResp">
        SELECT crop.crop_id, crop.name, planting.planting_id
        FROM crop
        JOIN planting ON planting.crop_id = crop.crop_id
        WHERE planting.planting_id IN
        <foreach collection="plantingIds" item="plantingId" separator="," open="(" close=")">
            #{plantingId}
        </foreach>
    </select>
    <insert id="addCrop" keyProperty="cropId" useGeneratedKeys="true">
        INSERT INTO crop (name, crop_type, soil_type, high_ph, low_ph)
        VALUES (#{name}, #{cropType}, #{soilType}, #{highPh}, #{lowPh})
    </insert>
</mapper>