<?xml version="1.0" encoding="UTF-8" ?>
<!DOCTYPE mapper
        PUBLIC "-//mybatis.org//DTD Mapper 3.0//EN"
        "http://mybatis.org/dtd/mybatis-3-mapper.dtd">
<mapper namespace="org.qianmo.field.mapper.FieldMapper">


    <insert id="addField">
        INSERT INTO field (status,name,farm_id,soil_type,ph_level,vertex1_latitude,vertex1_longitude,vertex2_latitude,
        vertex2_longitude,vertex3_latitude,vertex3_longitude,vertex4_latitude,vertex4_longitude,photo)
        VALUES (#{status},#{name},#{farm_id},#{soil_type},#{ph_level},#{vertex1_latitude},#{vertex1_longitude},#{vertex2_latitude},
        #{vertex2_longitude},#{vertex3_latitude},#{vertex3_longitude},#{vertex4_latitude},#{vertex4_longitude},#{photo})
    </insert>
    <update id="updateField">
        UPDATE field
        <set>
            <if test="status != null">
                status = #{status},
            </if>
            <if test="name != null">
                name = #{name},
            </if>
            <if test="soilType != null">
                soil_type = #{soilType},
            </if>
            <if test="phLevel != null">
                ph_level = #{phLevel},
            </if>
            <if test="vertex1Latitude != null">
                vertex1_latitude = #{vertex1Latitude},
            </if>
            <if test="vertex1Longitude != null">
                vertex1_longitude = #{vertex1Longitude},
            </if>
            <if test="vertex2Latitude != null">
                vertex2_latitude = #{vertex2Latitude},
            </if>
            <if test="vertex2Longitude != null">
                vertex2_longitude = #{vertex2Longitude},
            </if>
            <if test="vertex3Latitude != null">
                vertex3_latitude = #{vertex3Latitude},
            </if>
            <if test="vertex3Longitude != null">
                vertex3_longitude = #{vertex3Longitude},
            </if>
            <if test="vertex4Latitude != null">
                vertex4_latitude = #{vertex4Latitude},
            </if>
            <if test="vertex4Longitude != null">
                vertex4_longitude = #{vertex4Longitude},
            </if>
            <if test="photo != null">
                photo = #{photo},
            </if>
        </set>
        WHERE
        field_id = #{fieldId}
    </update>

    <select id="getFarmIdByName" resultType="int">
        SELECT farmId FROM Farm WHERE Name = #{farmName}
    </select>
    <select id="getCropNameByFieldIdAndEndDate" resultType="String">
        SELECT c.Name
        FROM Planting p
        JOIN Crop c ON p.cropId = c.cropId
        WHERE p.fieldId = #{fieldId} AND p.endDate IS NULL
        LIMIT 1
    </select>
    <select id="getFilteredFields" resultType="org.qianmo.field.model.Field">
        SELECT *
        FROM field
        <where>
            <if test="farmId != null">
                AND farm_id = #{farmId}
            </if>
            <if test="status != null">
                AND status = #{status}
            </if>
            <if test="soilType != null">
                AND soil_type = #{soilType}
            </if>
            <if test="minPh != null">
                AND ph >= #{minPh}
            </if>
            <if test="maxPh != null">
                AND ph &lt;= #{maxPh}
            </if>
        </where>
    </select>
    <select id="getFieldByFarmId" resultType="org.qianmo.field.model.Field">
        SELECT *
        FROM field
        WHERE farm_id = #{farmId}
    </select>
    <update id="updateStatus">
        UPDATE field
        SET status = #{status}
        WHERE field_id = #{fieldId}
    </update>
</mapper>
