<?xml version="1.0" encoding="UTF-8" ?>
<!DOCTYPE mapper
        PUBLIC "-//mybatis.org//DTD Mapper 3.0//EN"
        "http://mybatis.org/dtd/mybatis-3-mapper.dtd">
<mapper namespace="org.qianmo.warehouse.mapper.WarehouseMapper">

    <!-- 根据农场ID查找仓库，如果farmId为空则返回所有仓库ID -->
    <select id="findWarehouseByFarm" resultType="Integer">
        SELECT warehouse_id
        FROM warehouse
        <where>
            <if test="farmId != null">
                farm_id = #{farmId}
            </if>
        </where>
    </select>

    <!-- 根据货物ID查找仓库，如果waresId为空则返回所有货物ID -->
    <select id="findWarehouseByWares" resultType="Integer">
        SELECT warehouse_id
        FROM
        <choose>
            <when test="waresId != null">
                wares
            </when>
            <otherwise>
                warehouse
            </otherwise>
        </choose>
        <where>
            <if test="waresId != null">
                wares_id = #{waresId}
            </if>
        </where>
    </select>

    <!-- 根据仓库名称查找仓库 -->
    <select id="findWarehouseByName" resultType="Integer">
        SELECT warehouseId
        FROM warehouse
        <where>
            <if test="warehouseName != null">
                name = #{warehouseName}
            </if>
        </where>
    </select>

    <!-- 添加仓库 -->
    <insert id="addWarehouse" keyProperty="warehouseId" useGeneratedKeys="true">
        INSERT INTO warehouse (name,farm_id)
        VALUES (#{name},#{farmId})
    </insert>

    <!-- 查找所有仓库 -->
    <select id="findAllWarehouse" resultType="org.qianmo.warehouse.model.Warehouse">
        SELECT *
        FROM warehouse
    </select>




</mapper>
