<?xml version="1.0" encoding="UTF-8" ?>
<!DOCTYPE mapper
        PUBLIC "-//mybatis.org//DTD Mapper 3.0//EN"
        "http://mybatis.org/dtd/mybatis-3-mapper.dtd">
<mapper namespace="org.qianmo.warehouse.mapper.WaresMapper">

    <!-- 检查某种作物是否在这个农场，返回特级/一级/二级可以存的粮仓list（若以前存过 仍存在那里；若没有，返回农场所有的粮仓 -->
<!--    <select id="checkWares" resultType="List">-->
<!--        SELECT waresId-->
<!--        FROM wares-->
<!--        WHERE crop_id = #{cropId} AND farm_id = #{farmId}-->
<!--    </select>-->

<!--    <select id="checkWares" resultType="java.util.List" resultMap="listListResultMap">-->
<!--        SELECT waresId-->
<!--        FROM wares-->
<!--        WHERE crop_id = #{cropId} AND farm_id = #{farmId}-->
<!--    </select>-->

<!--    <resultMap id="listListResultMap" type="java.util.List">-->
<!--        <collection property="list" ofType="Integer" column="wares_id"/>-->
<!--    </resultMap>-->


    <!-- 查询指定作物、农场、质量对应的商品ID -->
    <select id="checkWaresInDetail" resultType="Integer">
        SELECT w.wares_id
        FROM wares w
        JOIN warehouse wh ON w.warehouse_id = wh.warehouse_id
        WHERE w.crop_id = #{cropId}
        AND w.quality = #{quality}
        AND wh.farm_id = #{farmId}
    </select>

<!--    &lt;!&ndash; 查询指定作物、仓库对应的货物ID &ndash;&gt;-->
<!--    <select id="checkWaresInWarehouse" resultType="Integer">-->
<!--        SELECT wares_id-->
<!--        FROM your_table_name-->
<!--        WHERE crop_id = #{cropId} AND warehouse_id = #{warehouseId}-->
<!--    </select>-->

    <!-- 插入新的货物信息 -->

    <insert id="addWares" useGeneratedKeys="true" keyProperty="waresId">
        INSERT INTO wares (earliest_date, warehouse_id, crop_id, weight, stock)
        VALUES (#{earliestDate}, #{warehouseId}, #{cropId}, #{weight}, #{stock})
    </insert>

    <!-- 更新货物数量 -->
    <update id="updateWares">
        UPDATE wares
        SET
            stock = #{weight},
        WHERE wares_id = #{waresId}
    </update>



    <!-- 查询货物名称 -->
    <select id="findWaresName" resultType="java.lang.String" >
        SELECT name
        FROM wares
        WHERE wares_id = #{waresId}
    </select>

    <!-- 返回前十名 Wares -->
    <select id="findMostWares" resultType="org.qianmo.warehouse.model.Wares">
        SELECT *
        FROM wares
        ORDER BY stock DESC
        LIMIT 10
    </select>

    <!-- 返回最早入库时间有存量的 Wares -->
    <select id="findEarliestWares" resultType="org.qianmo.warehouse.model.Wares">
        SELECT w.*
        FROM your_table_name w
        JOIN (
        SELECT wares_id, MIN(harvest_date) AS earliest_date
        FROM your_crop_table
        GROUP BY wares_id
        ) AS earliest
        ON w.wares_id = earliest.wares_id AND w.harvest_date = earliest.earliest_date
        WHERE w.stock > 0
    </select>

    <!-- 更新最早入库时间 没写完aaaa-->
    <update id="updateEarliestDate">
        UPDATE your_table_name
        SET harvest_date = (SELECT MIN(harvest_date) FROM your_crop_table WHERE wares_id = #{waresId})
        WHERE wares_id = #{waresId}
    </update>



    <!-- 返回指定仓库中的所有 Wares -->
    <select id="findWares" resultType="org.qianmo.warehouse.model.Wares">
        SELECT *
        FROM wares
        WHERE warehouse_id = #{warehouseId}
    </select>

    <!-- 根据条件搜索 Wares -->
    <select id="searchWares" resultType="org.qianmo.warehouse.model.Wares">
        SELECT *
        FROM wares
        WHERE
        warehouse_id = #{warehouseId}
        AND quality = #{quality}
        AND crop_id = #{cropId}
    </select>

    <resultMap id="WarehouseResultMap" type="org.qianmo.warehouse.dto.WaresDTO">
        <id property="waresId" column="wares_id"/>
        <result property="farmName" column="farm_name"/>
        <result property="warehouseName" column="warehouse_name"/>
        <result property="cropName" column="name"/>
        <result property="cropType" column="crop_type"/>
        <result property="quality" column="quality"/>
        <result property="weight" column="weight"/>
        <result property="stock" column="stock"/>
        <result property="earliestDate" column="earliest_date"/>
    </resultMap>

    <select id="highLevelSearch" resultMap="WarehouseResultMap">
        SELECT W.wares_id, F.name as farm_name, WH.name as warehouse_name, C.name, C.crop_type, W.quality, W.weight, W.stock, W.earliest_date
        FROM farm F
        INNER JOIN warehouse WH ON F.farm_id = WH.farm_id
        INNER JOIN wares W ON WH.warehouse_id = W.warehouse_id
        INNER JOIN crop C ON W.crop_id = C.crop_id
        WHERE
        wares_id!=0
        <if test="farmName != null">AND F.name = #{farmName} </if>
        <if test="warehouseName != null"> AND WH.name = #{warehouseName} </if>
        <if test="quality != null"> AND W.quality = #{quality} </if>
        <if test="type != null"> AND C.crop_type = #{type} </if>
        <if test="name != null"> AND C.name = #{name} </if>
    </select>

    <select id="getWaresById" resultType="org.qianmo.warehouse.model.Wares">
        SELECT *
        FROM wares
        WHERE
        wares_id = #{waresId}
    </select>

    <select id="getWaresName" resultType="java.lang.String">
        SELECT name
        FROM wares NATURAL JOIN crop
        WHERE
        wares_id = #{waresId}
    </select>

    <select id="getWaresType" resultType="java.lang.String">
        SELECT crop_type
        FROM wares NATURAL JOIN crop
        WHERE
        wares_id = #{waresId}
    </select>
    <select id="getWaresByFarm" resultType="org.qianmo.warehouse.model.Wares">
        SELECT *
        FROM wares
        WHERE
        farm_id = #{farmId}
    </select>


</mapper>