<?xml version="1.0" encoding="UTF-8" ?>
<!DOCTYPE mapper
        PUBLIC "-//mybatis.org//DTD Mapper 3.0//EN"
        "http://mybatis.org/dtd/mybatis-3-mapper.dtd">
<mapper namespace="org.qianmo.planting.mapper.ActivityMapper">
    <insert id="addActivity" useGeneratedKeys="true" keyProperty="activity_id">
        INSERT INTO activity
        <trim prefix="(" suffix=")" suffixOverrides=",">
            issue_id,
            <if test="equipmentId != null">
                equipment_id,
            </if>
            <if test="consumablesId != null">
                consumables_id,
            </if>
            employee_id
        </trim>
        VALUES
        <trim prefix="(" suffix=")" suffixOverrides=",">
            #{issueId},
            <if test="equipmentId != null">
                #{equipmentId},
            </if>
            <if test="consumablesId != null">
                #{consumablesId},
            </if>
            #{employeeId}
        </trim>
    </insert>

    <select id="getActivityById" resultType="org.qianmo.planting.model.Activity">
        SELECT *
        FROM activity
        WHERE activity_id = #{activityId}
    </select>
</mapper>