<?xml version="1.0" encoding="UTF-8" ?>
<!DOCTYPE mapper
        PUBLIC "-//mybatis.org//DTD Mapper 3.0//EN"
        "http://mybatis.org/dtd/mybatis-3-mapper.dtd">
<mapper namespace="org.qianmo.planting.mapper.HarvestMapper">

    <select id="getHarvestsByPlantingId" resultType="org.qianmo.planting.model.Harvest">
        SELECT *
        FROM harvest
        WHERE planting_id IN
        <foreach collection="plantingIds" item="plantingId" open="(" separator="," close=")">
            #{plantingId}
        </foreach>
    </select>
    <select id="getHarvestById" resultType="org.qianmo.planting.model.Harvest">
        SELECT *
        FROM harvest
        WHERE harvest_id = #{harvestId}
    </select>
    <select id="getStatisticsIds" resultType="java.lang.Integer">
        SELECT h.harvest_id
        FROM harvest h
        INNER JOIN planting p ON h.planting_id = p.planting_id
        INNER JOIN field f ON p.field_id = f.field_id
        WHERE
            1=1
            <if test="farmId != null and farmId != ''">
                AND f.farm_id = #{farmId}
            </if>
            <if test="cropId != null and cropId != ''">
                AND p.crop_id = #{cropId}
            </if>
            AND (
                CASE
                WHEN #{timeMode} = 0 THEN h.harvest_date BETWEEN DATE_SUB(NOW(), INTERVAL 1 MONTH) AND NOW()
                WHEN #{timeMode} = 1 THEN h.harvest_date BETWEEN DATE_SUB(NOW(), INTERVAL 3 MONTH) AND NOW()
                ELSE h.harvest_date BETWEEN DATE_SUB(NOW(), INTERVAL 1 YEAR) AND NOW()
                END
            )
    </select>
</mapper>