<?xml version="1.0" encoding="UTF-8" ?>
<!DOCTYPE mapper
        PUBLIC "-//mybatis.org//DTD Mapper 3.0//EN"
        "http://mybatis.org/dtd/mybatis-3-mapper.dtd">
<mapper namespace="org.qianmo.planting.mapper.HarvestInfoMapper">

    <select id="getHarvestInfoByHarvestId" resultType="org.qianmo.planting.model.HarvestInfo">
        SELECT *
        FROM harvest_info
        WHERE harvest_id IN
        <foreach collection="harvestIds" item="harvestId" open="(" close=")" separator=",">
            #{harvestId}
        </foreach>
    </select>
    <select id="getStatisticsByHarvestId" resultType="org.qianmo.planting.model.QualityAndWeight">
        SELECT
            SUM(weight) AS weight,
            quality
        FROM harvest_info
        WHERE harvest_id IN
        <foreach collection="harvestIds" item="harvestId" open="(" close=")" separator=",">
            #{harvestId}
        </foreach>
        GROUP BY quality
    </select>
</mapper>
