<?xml version="1.0" encoding="UTF-8" ?>
<!DOCTYPE mapper
        PUBLIC "-//mybatis.org//DTD Mapper 3.0//EN"
        "http://mybatis.org/dtd/mybatis-3-mapper.dtd">
<mapper namespace="org.qianmo.planting.mapper.IssueMapper">
    <insert id="addIssue" keyProperty="issueId" useGeneratedKeys="true">
        INSERT INTO issue (type, planting_id, detail, employee_id)
        VALUES (#{type},  #{plantingId}, #{detail}, #{employeeId})
    </insert>
    <update id="updateIssue">
        UPDATE issue
        <set>
            <if test="type != null">
                type = #{type},
            </if>
            <if test="startDate != null">
                start_date = #{startDate},
            </if>
            <if test="plantingId != null">
                planting_id = #{plantingId},
            </if>
            <if test="detail != null">
                detail = #{detail},
            </if>
            <if test="employeeId != null">
                employee_id = #{employeeId},
            </if>
        </set>
        WHERE issue_id = #{issueId}
    </update>

    <select id="getUnfinishedIssueByFieldId" resultType="org.qianmo.planting.model.Issue">
        SELECT *
        FROM issue
        WHERE end_date IS NULL
        LIMIT #{startIndex}, #{size}
    </select>
    <select id="getUnfinishedIssueCountByFieldId" resultType="java.lang.Integer">
        SELECT COUNT(*)
        FROM issue
        WHERE end_date IS NULL;
    </select>
    <select id="getUnfinishedIssueByPlantingId" resultType="org.qianmo.planting.model.Issue">
        SELECT *
        FROM issue
        WHERE planting_id = #{plantingId}
    </select>
</mapper>