<?xml version="1.0" encoding="UTF-8" ?>
<!DOCTYPE mapper
        PUBLIC "-//mybatis.org//DTD Mapper 3.0//EN"
        "http://mybatis.org/dtd/mybatis-3-mapper.dtd">
<mapper namespace="org.qianmo.planting.mapper.PlantingMapper">
    <insert id="addPlanting" useGeneratedKeys="true" keyProperty="plantingId">
        INSERT INTO planting (field_id, crop_id, employee_id)
        VALUES (#{fieldId}, #{cropId}, #{employeeId})
    </insert>
    <update id="updateEndDate">
        UPDATE planting
        SET end_date = #{endDate}
        WHERE planting_id = #{plantingId}
    </update>
    <select id="getCurrentPlantingIdByFieldId" resultType="java.lang.Integer">
        SELECT planting_id
        FROM planting
        WHERE field_id = #{fieldId}
            AND end_date IS NULL
    </select>
    <select id="getHistoryPlantingIdByFieldId" resultType="java.lang.Integer">
        SELECT planting_id
        FROM planting
        WHERE field_id = #{fieldId}
            AND end_date IS NOT NULL
    </select>
    <select id="getFarmIdAndCropId" resultType="org.qianmo.planting.dto.FarmIdAndCropId">
        SELECT farm_id, crop_id
        FROM planting p
        INNER JOIN field f ON p.field_id = f.field_id
        WHERE p.planting_id = #{plantingId}
    </select>
    <select id="getFieldIdByPlantingId" resultType="java.lang.Integer">
        SELECT field_id
        FROM planting
        WHERE planting_id = #{plantingId}
    </select>
</mapper>
