<?xml version="1.0" encoding="UTF-8" ?>
<!DOCTYPE mapper
        PUBLIC "-//mybatis.org//DTD Mapper 3.0//EN"
        "http://mybatis.org/dtd/mybatis-3-mapper.dtd">
<mapper namespace="org.qianmo.asset.mapper.ConsumablesMapper">
    <insert id="addConsumables" useGeneratedKeys="true" keyProperty="consumablesId">
        INSERT INTO consumables (name, type, Stock, unit, farm_id)
        VALUES (#{name}, #{type}, #{stock}, #{unit}, #{farmId})
    </insert>

    <select id="getConsumables" resultType="org.qianmo.asset.model.Consumables">
        SELECT *
        FROM consumables
        WHERE farm_id = #{farmId}
        LIMIT #{startIndex}, #{size}
    </select>
    <select id="getConsumablesCount" resultType="java.lang.Integer">
        SELECT COUNT(*)
        FROM consumables
        WHERE farm_id = #{farmId}
    </select>
    <update id="updateConsumables">
        update consumables
        set
        name = #{name},
        type = #{type},
        stock = #{stock}
        where consumables_id = #{consumablesId}
    </update>
</mapper>