<?xml version="1.0" encoding="UTF-8" ?>
<!DOCTYPE mapper
        PUBLIC "-//mybatis.org//DTD Mapper 3.0//EN"
        "http://mybatis.org/dtd/mybatis-3-mapper.dtd">
<mapper namespace="org.qianmo.asset.mapper.EquipmentMapper">
    <insert id="addEquipment" useGeneratedKeys="true" keyProperty="equipmentId">
        INSERT INTO equipment (name, type, status,start_date, end_date, farm_id)
        VALUES (#{name}, #{type},#{status}, #{startDate}, #{endDate}, #{farmId})
    </insert>


    <update id="updateEquipmentStatus" >
        UPDATE Equipment
        SET status = #{status}
        WHERE equipment_id = #{equipmentId}
    </update>
    <update id="discardEquipment">
        UPDATE Equipment
        SET status = "报废" AND end_date= #{now}
        WHERE equipment_id = #{equipmentId}
    </update>


    <select id="getEquipment" resultType="org.qianmo.asset.model.Equipment">
        SELECT *
        FROM equipment
        WHERE farm_id = #{farmId}
        LIMIT #{startIndex}, #{size}
    </select>
    <select id="getEquipmentCount" resultType="java.lang.Integer">
        SELECT COUNT(*)
        FROM equipment
        WHERE farm_id = #{farmId}
    </select>
</mapper>